solvent_name,solvent_id,smiles_can
"1,1,1-TRICHLOROETHANE",solvent_1,CC(Cl)(Cl)Cl
"1,1,1-TRIFLUOROETHANE",solvent_2,CC(F)(F)F
"1,1,2,2-TETRABROMOETHANE",solvent_3,BrC(Br)C(Br)Br
"1,1,2,2-TETRACHLOROETHANE",solvent_4,ClC(Cl)C(Cl)Cl
"1,1,2,2-TETRACHLOROPROPANE",solvent_5,CC(Cl)(Cl)C(Cl)Cl
"1,1,2-TRICHLORO PROPENE",solvent_6,CC(Cl)=C(Cl)Cl
"1,1,2-TRICHLOROETHANE",solvent_7,ClCC(Cl)Cl
"1,1-DIALLYLOXYETHANE",solvent_9,C=CCOC(C)OCC=C
"1,1-DIBROMO ETHYLENE",solvent_10,C=C(Br)Br
"1,1-DIBROMOETHANE",solvent_11,CC(Br)Br
"1,1-DICHLOROACETONE",solvent_12,CC(=O)C(Cl)Cl
"1,1-DICHLOROETHANE",solvent_13,CC(Cl)Cl
"1,1-DICHLOROETHYLENE",solvent_14,C=C(Cl)Cl
"1,1-DICHLOROPROPANE",solvent_15,CCC(Cl)Cl
"1,1-DICHLOROPROPENE",solvent_16,CC=C(Cl)Cl
"1,1-DIETHOXY BUTANE",solvent_17,CCCC(OCC)OCC
"1,1-DIETHOXY ETHANE",solvent_18,CCOC(C)OCC
"1,1-DIFLUOROETHANE",solvent_20,CC(F)F
"1,1-DIFLUOROETHYLENE",solvent_21,C=C(F)F
"1,1-DIMETHOXY ETHANE",solvent_22,COC(C)OC
"1,1-DIMETHYL HYDRAZINE",solvent_23,CN(C)N
"1,2,3-TRIAZOLE",solvent_24,c1c[nH]nn1
"1,2,3-TRICHLORO PROPENE",solvent_25,ClC=C(Cl)CCl
"1,2,4-TRICHLOROBENZENE",solvent_27,Clc1ccc(Cl)c(Cl)c1
"1,2-BUTADIENE",solvent_28,C=C=CC
"1,2-DIBROMOETHYLENE",solvent_30,BrC=CBr
"1,2-DICHLOROVINYL ETHYL ETHER",solvent_34,CCOC(Cl)=CCl
"1,2-DIETHYL BENZENE",solvent_35,CCc1ccccc1CC
"1,2-EPOXY PROPENE",solvent_36,CC1=CO1
"1,3,5-TRIOXANE",solvent_39,C1OCOCO1
"1,3-BENZENEDIOL",solvent_40,Oc1cccc(O)c1
"1,3-BUTADIENE",solvent_41,C=CC=C
"1,3-BUTANEDIOL",solvent_44,CC(O)CCO
"1,3-DICHLORO-2-BUTENE",solvent_45,CC(Cl)=CCCl
"1,3-DICHLORO-2-FLUOROBENZENE",solvent_46,Fc1c(Cl)cccc1Cl
"1,3-DICHLORO-2-PROPANOL",solvent_47,OC(CCl)CCl
"1,3-DIMETHOXY BUTANE",solvent_48,COCCC(C)OC
"1,3-DIOXOLANE",solvent_49,C1COCO1
"1,4-BUTANEDIOL",solvent_52,OCCCCO
"1,4-DICHLORO-2-BUTYNE",solvent_53,ClCC#CCCl
"1,4-DIOXANE",solvent_54,C1COCCO1
"1,4-THIOXANE",solvent_55,C1CSCCO1
"1,5-DICHLOROPENTANE",solvent_56,ClCCCCCCl
"1-ACETOXY-1,3-BUTADIENE",solvent_57,C=CC=COC(C)=O
1-BROMO-4-ETHOXY BENZENE,solvent_59,CCOc1ccc(Br)cc1
1-BUTANETHIOL,solvent_61,CCCCS
1-BUTANOL,solvent_62,CCCCO
1-BUTENE,solvent_63,C=CCC
1-CHLORO VINYL ETHYL ETHER,solvent_66,C=C(Cl)OCC
1-CHLORO-1-FLUORO ETHYLENE,solvent_67,C=C(F)Cl
1-CHLORO-1-NITROETHANE,solvent_68,CC(Cl)[N+](=O)[O-]
1-CHLORO-2-BUTENE,solvent_69,CC=CCCl
1-CHLORO-2-ETHOXY BENZENE,solvent_70,CCOc1ccccc1Cl
1-CHLORO-2-METHYL PROPENE,solvent_71,CC(C)=CCl
1-CHLORO-4-ETHOXY BENZENE,solvent_72,CCOc1ccc(Cl)cc1
1-CHLOROBUTANE,solvent_73,CCCCCl
1-DECANOL,solvent_74,CCCCCCCCCCO
1-DECENE,solvent_75,C=CCCCCCCCC
1-ETHOXY ETHOXY-2-PROPANOL,solvent_76,CCOC(C)OCC(C)O
1-ETHYL VINYL ETHYL ETHER,solvent_77,C=C(CC)OCC
1-HEPTENE,solvent_80,C=CCCCCC
1-HEXENE,solvent_81,C=CCCCC
"1-METHOXY-1,3-BUTADIENE",solvent_82,C=CC=COC
1-METHYL IMIDAZOLE,solvent_83,Cn1ccnc1
1-METHYL NAPHTHALENE,solvent_84,Cc1cccc2ccccc12
1-METHYL VINYL METHYL ETHER,solvent_85,C=C(C)OC
1-NITROPROPANE,solvent_86,CCC[N+](=O)[O-]
1-OCTANOL,solvent_87,CCCCCCCCO
1-OCTENE,solvent_88,C=CCCCCCC
1-PENTANOL,solvent_89,CCCCCO
1-PENTENE,solvent_90,C=CCCC
1-PROPANETHIOL,solvent_91,CCCS
1-PROPANOL,solvent_92,CCCO
2-(DIETHYLAMINO) ETHANOL,solvent_93,CCN(CC)CCO
"2,2,4-TRIMETHYLPENTANE",solvent_95,CC(C)CC(C)(C)C
"2,2,6,6-TETRACHLOROCYCLOHEXANONE",solvent_96,O=C1C(Cl)(Cl)CCCC1(Cl)Cl
"2,3,4-TRIFLUORO NITROBENZENE",solvent_98,O=[N+]([O-])c1ccc(F)c(F)c1F
"2,3-BUTADIENE-1-OL",solvent_99,C=C=CCO
"2,3-BUTYLENE CARBONATE",solvent_100,CC1OC(=O)OC1C
"2,3-DICHLORO-1,3-BUTADIENE",solvent_102,C=C(Cl)C(=C)Cl
"2,3-DICHLORONITROBENZENE",solvent_103,O=[N+]([O-])c1cccc(Cl)c1Cl
"2,3-DICHLOROPROPANOL",solvent_104,OCC(Cl)CCl
"2,3-DICHLOROPROPENE",solvent_105,C=C(Cl)CCl
"2,3-DIMETHYL-1-BUTENE",solvent_106,C=C(C)C(C)C
"2,3-DITHIABUTANE",solvent_107,CSSC
"2,4,5-TRICHLOROTHIOPHENOL",solvent_108,Sc1cc(Cl)c(Cl)cc1Cl
"2,4,6-TRICHLOROPHENOL",solvent_109,Oc1c(Cl)cc(Cl)cc1Cl
"2,4-DICHLORO-3-FLUORONITROBENZENE",solvent_110,O=[N+]([O-])c1ccc(Cl)c(F)c1Cl
"2,4-DICHLORO-5-NITROBENZOTRIFLUORIDE",solvent_111,O=[N+]([O-])c1cc(C(F)(F)F)c(Cl)cc1Cl
"2,4-DICHLORONITROBENZENE",solvent_112,O=[N+]([O-])c1ccc(Cl)cc1Cl
"2,4-DIFLUORONITROBENZENE",solvent_113,O=[N+]([O-])c1ccc(F)cc1F
"2,4-PENTANEDIONE",solvent_114,CC(=O)CC(C)=O
"2,5-DICHLOROBENZOTRIFLUORIDE",solvent_115,FC(F)(F)c1cc(Cl)ccc1Cl
"2,5-DICHLOROPHENOL",solvent_116,Oc1cc(Cl)ccc1Cl
"2,5-DIMETHYL PYRROLE",solvent_117,Cc1ccc(C)[nH]1
"2,6-DICHLOROANISOLE",solvent_118,COc1c(Cl)cccc1Cl
"2,6-DICHLOROPHENOL",solvent_119,Oc1c(Cl)cccc1Cl
"2,6-DIFLUOROBENZONITRILE",solvent_120,N#Cc1c(F)cccc1F
"2,6-DIMETHYL PHENOL",solvent_121,Cc1cccc(C)c1O
2-ACETYL THIOPHENE,solvent_122,CC(=O)c1cccs1
2-BROMOALLYL ALCOHOL,solvent_123,C=C(Br)CO
2-BROMO PROPENE,solvent_124,C=C(C)Br
2-BROMOBUTANE,solvent_125,CCC(C)Br
2-BROMOTHIOPHENE,solvent_126,Brc1cccs1
2-BUTANOL,solvent_127,CCC(C)O
2-BUTYL OCTANOL,solvent_131,CCCCCCC(CO)CCCC
2-BUTYNEDINITRILE,solvent_132,N#CC#CC#N
2-CHLORO ALLYL ALCOHOL,solvent_133,C=C(Cl)CO
2-CHLOROALLYLIDENE DIACETATE,solvent_135,C=C(Cl)C(OC(C)=O)OC(C)=O
2-CHLOROBUTANE,solvent_136,CCC(C)Cl
2-CHLOROCYCLOHEXANONE,solvent_137,O=C1CCCCC1Cl
2-CHLOROETHYL ACETATE,solvent_138,CC(=O)OCCCl
2-CHLOROETHYL ETHYL ETHER,solvent_139,CCOCCCl
2-CHLOROETHYL ETHYL SULFIDE,solvent_140,CCSCCCl
2-CHLOROPHENOL,solvent_141,Oc1ccccc1Cl
2-CHLOROPROPENAL,solvent_142,C=C(Cl)C=O
2-CHLOROPROP-2-ENOIC ACID,solvent_143,C=C(Cl)C(=O)O
2-CYCLOPENTENYL ALCOHOL,solvent_144,OC1C=CCC1
2-DECANOL,solvent_145,CCCCCCCCC(C)O
"2-ETHYL-1,3-BUTADIENE",solvent_149,C=CC(=C)CC
2-ETHYL-1-BUTANOL,solvent_150,CCC(CC)CO
2-ETHYL-1-BUTENE,solvent_151,C=C(CC)CC
2-ETHYL-HEXANOL,solvent_152,CCCCC(CC)CO
2-METHYL CYCLOHEXANONE,solvent_154,CC1CCCCC1=O
"2-METHYL-1,3-DIOXOLANE",solvent_155,CC1OCCO1
2-METHYL-1-BUTANOL,solvent_156,CCC(C)CO
2-METHYL-1-BUTENE,solvent_157,C=C(C)CC
2-METHYL-1-CHLORO ACROLEIN,solvent_158,C=C(C)C(=O)Cl
2-METHYL-1-PROPANOL,solvent_159,CC(C)CO
2-METHYL-2-BUTANOL,solvent_160,CCC(C)(C)O
2-METHYL-2-BUTENE,solvent_161,CC=C(C)C
2-NITROPROPANE,solvent_162,CC(C)[N+](=O)[O-]
2-OCTANOL,solvent_163,CCCCCCC(C)O
2-PENTANOL,solvent_164,CCCC(C)O
2-PHENOXY ETHANOL,solvent_165,OCCOc1ccccc1
2-PROPANETHIOL,solvent_166,CC(C)S
2-PROPANOL,solvent_167,CC(C)O
2-THIABUTANE,solvent_169,CCSC
"3,3,3-TRICHLORO PROPENE",solvent_170,C=CC(Cl)(Cl)Cl
"3,4-DICHLORONITROBENZENE",solvent_172,O=[N+]([O-])c1ccc(Cl)c(Cl)c1
"3,4-DICHLOROPHENYL ACETONITRILE",solvent_173,N#CCc1ccc(Cl)c(Cl)c1
"3,4-DICHLOROTOLUENE",solvent_174,Cc1ccc(Cl)c(Cl)c1
"3,4-DIMETHYL PHENOL",solvent_175,Cc1ccc(O)cc1C
"3,4-EPOXY-1-BUTENE",solvent_176,C=CC1CO1
"3,5-DIFLUOROBENZONITRILE",solvent_177,N#Cc1cc(F)cc(F)c1
3-AZIDOPROP-1-ENE,solvent_178,C=CCN=[N+]=[N-]
3-BROMOPROPYNE,solvent_179,C#CCBr
3-BUTENENITRILE,solvent_180,C=CCC#N
3-BUTOXYBUTANOL,solvent_181,CCCCOC(C)CCO
3-CHLORO ALLYL ALCOHOL,solvent_182,OCC=CCl
3-CHLORO-1-PROPANOL,solvent_183,OCCCCl
3-CHLORO-2-METHYL PROPENE,solvent_184,C=C(C)CCl
3-CHLOROBENZYLCHLORIDE,solvent_185,ClCc1cccc(Cl)c1
3-CHLOROPROPIONALDEHYDE,solvent_186,O=CCCCl
3-CHLOROPROPYNE,solvent_187,C#CCCl
3-ETHOXY PROPIONALDEHYDE,solvent_188,CCOCCC=O
3-METHOXYPROPIONITRILE,solvent_189,COCCC#N
3-METHYL ALLYL ALCOHOL,solvent_190,CC=CCO
3-METHYL CYCLOHEXANONE,solvent_191,CC1CCCC(=O)C1
3-METHYL ISOXAZOLE,solvent_192,Cc1ccon1
"3-METHYL-1,2-BUTADIENE",solvent_193,C=C=C(C)C
3-METHYL-1-BUTENE,solvent_194,C=CC(C)C
3-n-BUTYL TOLUENE,solvent_195,CCCCc1cccc(C)c1
"4-BROMO-1,2-BUTADIENE",solvent_197,C=C=CCBr
"4-CHLORO-1,2-BUTADIENE",solvent_199,C=C=CCCl
4-CHLORO-2-NITROTOLUENE,solvent_200,Cc1ccc(Cl)cc1[N+](=O)[O-]
4-CHLOROANISOLE,solvent_201,COc1ccc(Cl)cc1
4-CHLOROBENZALDEHYDE,solvent_202,O=Cc1ccc(Cl)cc1
4-CHLOROBENZONITRILE,solvent_203,N#Cc1ccc(Cl)cc1
4-CHLOROBENZOTRICHLORIDE,solvent_204,Clc1ccc(C(Cl)(Cl)Cl)cc1
4-CHLOROBENZYL ALCOHOL,solvent_205,OCc1ccc(Cl)cc1
4-CHLOROTHIOPHENOL,solvent_206,Sc1ccc(Cl)cc1
"4-IODO-1,2-BUTADIENE",solvent_210,C=C=CCI
4-PENTENAL,solvent_212,C=CCCC=O
4-VINYL PYRIDINE,solvent_213,C=Cc1ccncc1
5-BROMO-2-NITROBENZOTRIFLUORIDE,solvent_214,O=[N+]([O-])c1ccc(Br)cc1C(F)(F)F
6-CHLORO-2-NITROTOLUENE,solvent_215,Cc1c(Cl)cccc1[N+](=O)[O-]
ACETALDEHYDE,solvent_216,CC=O
ACETALDOXIME,solvent_217,CC=NO
ACETAMIDE,solvent_218,CC(N)=O
ACETANILIDE,solvent_219,CC(=O)Nc1ccccc1
ACETIC ACID,solvent_220,CC(=O)O
ACETIC ANHYDRIDE,solvent_221,CC(=O)OC(C)=O
ACETONE,solvent_222,CC(C)=O
ACETONITRILE,solvent_225,CC#N
ACETOPHENONE,solvent_226,CC(=O)c1ccccc1
ACETOXIME,solvent_227,CC(C)=NO
ACETYLACETONE,solvent_228,CC(=O)CC(C)=O
ACETYLBROMIDE,solvent_229,CC(=O)Br
ACETYLCHLORIDE,solvent_230,CC(=O)Cl
ACETYLENE,solvent_231,C#C
ACETYLFLUORIDE,solvent_232,CC(=O)F
ACROLEIN,solvent_233,C=CC=O
ACRYLAMIDE,solvent_234,C=CC(N)=O
ACRYLIC ACID,solvent_235,C=CC(=O)O
ACRYLONITRILE,solvent_236,C=CC#N
ACRYLYLCHLORIDE,solvent_237,C=CC(=O)Cl
ALLYL ACETATE,solvent_238,C=CCOC(C)=O
ALLYL ACETIC ACID,solvent_239,C=CCCC(=O)O
ALLYL ACETOACETATE,solvent_240,C=CCOC(=O)CC(C)=O
ALLYL ALCOHOL,solvent_242,C=CCO
ALLYL AMINE,solvent_243,C=CCN
ALLYL CHLORIDE,solvent_245,C=CCCl
ALLYL CYANIDE,solvent_246,C=CCC#N
ALLYL ETHYLETHER,solvent_247,C=CCOCC
ALLYL FLUORIDE,solvent_248,C=CCF
ALLYL FORMATE,solvent_249,C=CCOC=O
ALLYL IODIDE,solvent_250,C=CCI
ALLYL ISOCYANIDE,solvent_251,[C-]#[N+]CC=C
ALLYL ISOTHIOCYANATE,solvent_252,C=CCN=C=S
ALLYL MERCAPTAN,solvent_253,C=CCS
ALLYL METHYLETHER,solvent_254,C=CCOC
AMMONIA,solvent_255,N
AMYL ACETATE,solvent_256,CCCCCOC(C)=O
ANETHOLE (TRANS),solvent_257,C/C=C/c1ccc(OC)cc1
ANILINE,solvent_258,Nc1ccccc1
ANISOLE,solvent_259,COc1ccccc1
AZIDOETHANE,solvent_260,CCN=[N+]=[N-]
BENZALDEHYDE,solvent_261,O=Cc1ccccc1
BENZENE,solvent_262,c1ccccc1
BENZOIC ACID,solvent_263,O=C(O)c1ccccc1
BENZONITRILE,solvent_264,N#Cc1ccccc1
BENZOPHENONE,solvent_265,O=C(c1ccccc1)c1ccccc1
BENZYL ALCOHOL,solvent_266,OCc1ccccc1
BENZYL BUTYL PHTHALATE,solvent_267,CCCCOC(=O)c1ccccc1C(=O)OCc1ccccc1
BENZYL CHLORIDE,solvent_268,ClCc1ccccc1
BENZYL METHACRYLATE,solvent_269,C=C(C)C(=O)OCc1ccccc1
BIPHENYL,solvent_271,c1ccc(-c2ccccc2)cc1
BIS(CHLOROMETHYL) ETHER,solvent_272,ClCOCCl
BROMOACETYLENE,solvent_275,C#CBr
BROMOBENZENE,solvent_276,Brc1ccccc1
BROMOCHLOROMETHANE,solvent_277,ClCBr
BROMOETHYLENE,solvent_278,C=CBr
BROMOFORM,solvent_279,BrC(Br)Br
BROMOMETHYL METHYL ETHER,solvent_280,COCBr
BUTADIENEDIOXIDE,solvent_287,C1OC1C1CO1
BUTADIONE,solvent_288,CC(=O)C(C)=O
BUTANE,solvent_289,CCCC
BUTYL BENZOATE,solvent_292,CCCCOC(=O)c1ccccc1
BUTYL ISOPROPENYL ETHER,solvent_293,C=C(C)OCCCC
BUTYL LACTATE,solvent_294,CCCCOC(=O)C(C)O
BUTYLENEOXIDE,solvent_296,C1CCOC1
BUTYRALDEHYDE,solvent_297,CCCC=O
BUTYRIC ACID,solvent_298,CCCC(=O)O
BUTYRIC ANHYDRIDE,solvent_299,CCCC(=O)OC(=O)CCC
BUTYRONITRILE,solvent_300,CCCC#N
BUTYRYLCHLORIDE,solvent_301,CCCC(=O)Cl
CARBON DIOXIDE,solvent_303,O=C=O
CARBON DISULFIDE,solvent_304,S=C=S
CARBON TETRACHLORIDE,solvent_306,ClC(Cl)(Cl)Cl
CARBONYL SULFIDE,solvent_307,O=C=S
CHLORAL,solvent_309,O=CC(Cl)(Cl)Cl
CHLORO ACETALDEHYDE,solvent_311,O=CCCl
CHLORO ACETIC ACID,solvent_312,O=C(O)CCl
CHLOROACETONE,solvent_313,CC(=O)CCl
CHLOROACETONITRILE,solvent_314,N#CCCl
CHLOROACETYLCHLORIDE,solvent_315,O=C(Cl)CCl
CHLOROACETYLENE,solvent_316,C#CCl
CHLOROBENZENE,solvent_317,Clc1ccccc1
CHLOROFORM,solvent_319,ClC(Cl)Cl
CHLORONITROMETHANE,solvent_321,O=[N+]([O-])CCl
CHLOROPROPENE,solvent_322,CC=CCl
CHLOROPROPIONITRILE,solvent_323,CC(Cl)C#N
CROTONOLACTONE,solvent_329,O=C1C=CCO1
CYANOGEN,solvent_331,N#CC#N
CYANOGEN BROMIDE,solvent_332,N#CBr
CYANOGEN CHLORIDE,solvent_333,N#CCl
CYCLOBUTANONE,solvent_334,O=C1CCC1
CYCLODECANONE,solvent_335,O=C1CCCCCCCCC1
CYCLOHEPTANONE,solvent_336,O=C1CCCCCC1
CYCLOHEXANE,solvent_337,C1CCCCC1
CYCLOHEXANOL,solvent_338,OC1CCCCC1
CYCLOHEXANONE,solvent_339,O=C1CCCCC1
CYCLOHEXYLAMINE,solvent_340,NC1CCCCC1
CYCLOHEXYLCHLORIDE,solvent_341,ClC1CCCCC1
CYCLOOCTANONE,solvent_342,O=C1CCCCCCC1
CYCLOPENTANE,solvent_343,C1CCCC1
CYCLOPENTANONE,solvent_344,O=C1CCCC1
CYCLOPENTENE,solvent_345,C1=CCCC1
CYCLOPROPANE,solvent_347,C1CC1
CYCLOPROPYLMETHYLKETONE,solvent_348,CC(=O)C1CC1
CYCLOPROPYLNITRILE,solvent_349,N#CC1CC1
DECANE,solvent_350,CCCCCCCCCC
DI-(2-CHLOROETHOXY) METHANE,solvent_351,ClCCOCOCCCl
DI-(2-METHOXYETHYL) ETHER,solvent_353,COCCOCCOC
DIACETONE ALCOHOL,solvent_356,CC(=O)CC(C)(C)O
DIALLYL AMINE,solvent_357,C=CCNCC=C
DIALLYL ETHER,solvent_358,C=CCOCC=C
DIAZOMETHANE,solvent_359,C=[N+]=[N-]
DIBENZYL ETHER,solvent_360,c1ccc(COCc2ccccc2)cc1
DIBROMO METHANE,solvent_361,BrCBr
DIBUTYL ETHER,solvent_362,CCCCOCCCC
DIBUTYL SEBACATE,solvent_365,CCCCOC(=O)CCCCCCCCC(=O)OCCCC
DICHLOROACETALDEHYDE,solvent_367,O=CC(Cl)Cl
DICHLOROACETONITRILE,solvent_368,N#CC(Cl)Cl
DICHLOROMETHYL METHYL ETHER,solvent_370,COC(Cl)Cl
DIETHANOLAMINE,solvent_372,OCCNCCO
DIETHOXY DISULFIDE,solvent_373,CCOSSOCC
DIETHYL AMINE,solvent_374,CCNCC
DIETHYL CARBONATE,solvent_375,CCOC(=O)OCC
DIETHYL ETHER,solvent_376,CCOCC
DIETHYL KETONE,solvent_377,CCC(=O)CC
DIETHYL PHTHALATE,solvent_378,CCOC(=O)c1ccccc1C(=O)OCC
DIETHYL SULFATE,solvent_379,CCOS(=O)(=O)OCC
DIETHYL SULFIDE,solvent_380,CCSCC
DIETHYLDISULFIDE,solvent_381,CCSSCC
DIETHYLENE GLYCOL,solvent_382,OCCOCCO
DIETHYLENE GLYCOL BUTYL ETHER ACETATE,solvent_383,CCCCOCCOCCOC(C)=O
DIETHYLENE GLYCOL DIBUTYL ETHER,solvent_384,CCCCOCCOCCOCCCC
DIETHYLENE GLYCOL DIETHYL ETHER,solvent_385,CCOCCOCCOCC
DIETHYLENE GLYCOL DIVINYL ETHER,solvent_386,C=COCCOCCOC=C
DIETHYLENE GLYCOL HEXYL ETHER,solvent_387,CCCCCCOCCOCCO
DIETHYLENE GLYCOL MONOBUTYL ETHER,solvent_389,CCCCOCCOCCO
DIETHYLENE GLYCOL MONOETHYL ETHER,solvent_390,CCOCCOCCO
DIETHYLENE GLYCOL MONOETHYL ETHER ACETATE,solvent_391,CCOCCOCCOC(C)=O
DIETHYLENE GLYCOL MONOMETHYL ETHER,solvent_392,COCCOCCO
DIETHYLENE GLYCOL MONOPROPYL ETHER,solvent_393,CCCOCCOCCO
DIETHYLENETRIAMINE,solvent_394,NCCNCCN
DIHYDROGEN DISULFIDE,solvent_396,SS
DIHYDROPYRAN,solvent_397,C1=COCCC1
DI-ISOBUTYL CARBINOL,solvent_398,CC(C)CC(O)CC(C)C
DI-ISOBUTYL KETONE,solvent_399,CC(C)CC(=O)CC(C)C
DI-ISONONYL ADIPATE,solvent_402,CC(C)CCCCCCOC(=O)CCCCC(=O)OCCCCCCC(C)C
DI-ISONONYL PHTHALATE,solvent_403,CC(C)CCCCCCOC(=O)c1ccccc1C(=O)OCCCCCCC(C)C
DIISOPROPYL SULFOXIDE,solvent_406,CC(C)S(=O)C(C)C
DIKETENE,solvent_407,C=C1CC(=O)O1
DIMETHYL ACETYLENE,solvent_408,CC#CC
DIMETHYL AMINE,solvent_409,CNC
DIMETHYL CARBONATE,solvent_411,COC(=O)OC
DIMETHYL CELLOSOLVE,solvent_412,COCCOC
DIMETHYL DIETHYLENE GLYCOL,solvent_413,CC(C)(O)COCCO
DIMETHYL DIKETONE,solvent_414,CC(=O)C(C)=O
DIMETHYL DISULFIDE,solvent_415,CSSC
DIMETHYL ETHANOLAMINE,solvent_416,CC(C)(O)CN
DIMETHYL ETHER,solvent_417,COC
DIMETHYL FORMAMIDE,solvent_418,CN(C)C=O
DIMETHYL KETENE,solvent_419,CC(C)=C=O
DIMETHYL PHTHALATE,solvent_421,COC(=O)c1ccccc1C(=O)OC
DIMETHYL SULFIDE,solvent_422,CSC
DIMETHYL SULFONE,solvent_423,CS(C)(=O)=O
DIMETHYL SULFOXIDE,solvent_424,CS(C)=O
DI-n-BUTYL ETHER,solvent_425,CCCCOCCCC
DI-n-PROPYL SULFOXIDE,solvent_427,CCCS(=O)CCC
DIOCTYL PHTHALATE,solvent_428,CCCCCCCCOC(=O)c1ccccc1C(=O)OCCCCCCCC
DIPHENYL ETHER,solvent_429,c1ccc(Oc2ccccc2)cc1
DIPHENYL SULFONE,solvent_430,O=S(=O)(c1ccccc1)c1ccccc1
DIPROPYL AMINE,solvent_431,CCCNCCC
DIPROPYL KETONE,solvent_432,CCCC(=O)CCC
DIPROPYLENE GLYCOL MONOMETHYL ETHER ACETATE,solvent_435,COC(C)COC(C)COC(C)=O
DI-p-TOLYL SULFOXIDE,solvent_436,Cc1ccc(S(=O)c2ccc(C)cc2)cc1
DIVINYL SULFIDE,solvent_438,C=CSC=C
DODECANE,solvent_439,CCCCCCCCCCCC
ETHYLENE SULFIDE,solvent_440,C1CS1
EICOSANE,solvent_441,CCCCCCCCCCCCCCCCCCCC
EPICHLOROHYDRIN,solvent_442,ClCC1CO1
EPSILON-CAPROLACTAM,solvent_443,O=C1CCCCCN1
ETHANESULFONYLCHLORIDE,solvent_444,CCS(=O)(=O)Cl
ETHANETHIOL,solvent_445,CCS
ETHANOL,solvent_446,CCO
ETHANOLAMINE,solvent_447,NCCO
ETHOXYETHYL PROPIONATE,solvent_448,CCOC(C)OC(=O)CC
ETHYL ACETATE,solvent_449,CCOC(C)=O
ETHYL ACETYLENE,solvent_450,C#CCC
ETHYL ACRYLATE,solvent_451,C=CC(=O)OCC
ETHYL AMINE,solvent_452,CCN
ETHYL BENZENE,solvent_454,CCc1ccccc1
ETHYL BROMIDE,solvent_455,CCBr
ETHYL BUTYL KETONE,solvent_456,CCCCC(=O)CC
ETHYL CARBAMATE,solvent_457,CCOC(N)=O
ETHYL CHLORIDE,solvent_459,CCCl
ETHYL CHLOROFORMATE,solvent_460,CCOC(=O)Cl
ETHYL CINNAMATE,solvent_461,CCOC(=O)C=Cc1ccccc1
ETHYL CYANOACRYLATE,solvent_462,C=C(C#N)C(=O)OCC
ETHYL ETHYNYLETHER,solvent_463,C#COCC
ETHYL FORMATE,solvent_464,CCOC=O
ETHYL HYPOCHLORITE,solvent_465,CCOCl
ETHYL IODIDE,solvent_466,CCI
ETHYL ISOCYANATE,solvent_467,CCN=C=O
ETHYL ISOPROPENYL ETHER,solvent_468,C=C(C)OCC
ETHYL ISOTHIOCYANATE,solvent_469,CCN=C=S
ETHYL LACTATE,solvent_470,CCOC(=O)C(C)O
ETHYL METHACRYLATE,solvent_471,C=C(C)C(=O)OCC
ETHYL METHYL SULFIDE,solvent_472,CCSC
ETHYL THIOCYANATE,solvent_473,CCSC#N
ETHYL VINYLETHER,solvent_474,C=COCC
ETHYL VINYLKETONE,solvent_475,C=CC(=O)CC
ETHYL-1-PROPYNYLETHER,solvent_476,CC#COCC
ETHYLENE CARBONATE,solvent_477,O=C1OCCO1
ETHYLENE CHLOROHYDRIN,solvent_478,OCCCl
ETHYLENE CYANOHYDRIN,solvent_479,N#CCCO
ETHYLENE DIBROMIDE,solvent_480,BrCCBr
ETHYLENE DICHLORIDE,solvent_481,ClCCCl
ETHYLENE GLYCOL,solvent_482,OCCO
ETHYLENE GLYCOL BUTYL ETHER ACETATE,solvent_483,CCCCOCCOC(C)=O
ETHYLENE GLYCOL DIBUTYL ETHER,solvent_487,CCCCOCCOCCCC
ETHYLENE GLYCOL DIETHYL ETHER,solvent_488,CCOCCOCC
ETHYLENE GLYCOL DI-T-BUTYL ETHER,solvent_489,CC(C)(C)OCCOC(C)(C)C
ETHYLENE GLYCOL MONOBUTYL ETHER,solvent_493,CCCCOCCO
ETHYLENE GLYCOL MONOETHYL ETHER,solvent_494,CCOCCO
ETHYLENE GLYCOL MONOETHYL ETHER ACETATE,solvent_495,CCOCCOC(C)=O
ETHYLENE GLYCOL MONOETHYL ETHER ACRYLATE,solvent_496,C=CC(=O)OCCOCC
ETHYLENE GLYCOL MONOISOBUTYL ETHER,solvent_497,CC(C)COCCO
ETHYLENE GLYCOL MONOISOPROPYL ETHER,solvent_498,CC(C)OCCO
ETHYLENE GLYCOL MONOMETHYL ETHER,solvent_499,COCCO
ETHYLENE GLYCOL MONOMETHYL ETHER ACETATE,solvent_500,COCCOC(C)=O
ETHYLENE GLYCOL MONO-T-BUTYL ETHER,solvent_501,CC(C)(C)OCCO
ETHYLENE OXIDE,solvent_504,C1CO1
ETHYLENEDIAMINE,solvent_505,NCCN
ETHYLENEIMINE,solvent_506,C1CN1
ETHYLIDENE ACETONE,solvent_507,CC=CC(C)=O
ETHYNYL PROPYL ETHER,solvent_508,C#COCCC
ETHYNYLMETHYLETHER,solvent_509,C#COC
FLUOROBENZENE,solvent_510,Fc1ccccc1
FLUOROETHYLENE,solvent_511,C=CF
FLUOROMETHANE,solvent_512,CF
FLUOROPRENE,solvent_513,C=CC(=C)F
FORMALDEHYDE,solvent_514,C=O
FORMAMIDE,solvent_515,NC=O
FORMIC ACID,solvent_516,O=CO
FORMYL FLUORIDE,solvent_517,O=CF
FURAN,solvent_519,c1ccoc1
FURFURAL,solvent_520,O=Cc1ccco1
FURFURYL ALCOHOL,solvent_521,OCc1ccco1
GAMMA-BUTYROLACTONE,solvent_522,O=C1CCCO1
GLYCEROL,solvent_524,OCC(O)CO
GLYCIDYL METHACRYLATE,solvent_525,C=C(C)C(=O)OCC1CO1
HEPTANE,solvent_527,CCCCCCC
HEXADECANE,solvent_530,CCCCCCCCCCCCCCCC
"HEXAFLUORO 1,3-BUTADIENE",solvent_531,FC(F)=C(F)C(F)=C(F)F
HEXAFLUOROHEXANOL,solvent_533,CCCC(F)(F)C(F)(F)C(O)(F)F
HEXAMETHYLPHOSPHORAMIDE,solvent_534,CN(C)P(=O)(N(C)C)N(C)C
HEXANE,solvent_535,CCCCCC
HEXYL ACETATE,solvent_536,CCCCCCOC(C)=O
HYDRAZINE,solvent_539,NN
HYDROGEN CYANIDE,solvent_540,C#N
HYDROGEN SULFIDE,solvent_541,S
HYDROXYETHYL ACRYLATE,solvent_542,C=CC(=O)OCCO
INDOLE,solvent_544,c1ccc2[nH]ccc2c1
IODOBENZENE,solvent_545,Ic1ccccc1
ISOAMYL ACETATE,solvent_547,CC(=O)OCCC(C)C
ISOBUTYL ACETATE,solvent_549,CC(=O)OCC(C)C
ISOBUTYL ACRYLATE,solvent_550,C=CC(=O)OCC(C)C
ISOBUTYL ALCOHOL,solvent_551,CC(C)CO
ISOBUTYL ISOBUTYRATE,solvent_552,CC(C)COC(=O)C(C)C
ISOBUTYL SULFOXIDE,solvent_553,CC(C)CS(=O)CC(C)C
ISOBUTYLENE,solvent_554,C=C(C)C
ISOBUTYLENEOXIDE,solvent_555,CC1(C)CO1
ISOCYANIC ACID,solvent_556,N=C=O
ISOOCTYL ALCOHOL,solvent_557,CC(C)CCCCCO
ISOPENTANE,solvent_558,CCC(C)C
ISOPHORONE,solvent_559,CC1=CC(=O)CC(C)(C)C1
ISOPRENE,solvent_560,C=CC(=C)C
ISOPROPYL ACETATE,solvent_561,CC(=O)OC(C)C
ISOPROPYL CHLORIDE,solvent_563,CC(C)Cl
ISOPROPYL ETHER,solvent_564,CC(C)OC(C)C
ISOVALERALDEHYDE,solvent_566,CC(C)CC=O
ISOXAZOLE,solvent_567,c1cnoc1
KETENE,solvent_568,C=C=O
LAURYL METHACRYLATE,solvent_570,C=C(C)C(=O)OCCCCCCCCCCCC
MALONONITRILE,solvent_571,N#CCC#N
m-CRESOL,solvent_572,Cc1cccc(O)c1
m-DICHLOROBENZENE,solvent_573,Clc1cccc(Cl)c1
MESITYL OXIDE,solvent_574,CC(=O)C=C(C)C
MESITYLENE,solvent_575,Cc1cc(C)cc(C)c1
METHACRYLALDEHYDE,solvent_576,C=C(C)C=O
METHACRYLAMIDE,solvent_577,C=C(C)C(N)=O
METHACRYLIC ACID,solvent_578,C=C(C)C(=O)O
METHACRYLONITRILE,solvent_579,C=C(C)C#N
METHANOL,solvent_580,CO
METHYL 1-PROPENYL ETHER,solvent_582,CC=COC
METHYL ACETATE,solvent_583,COC(C)=O
METHYL ACETYLENE,solvent_584,C#CC
METHYL ACRYLATE,solvent_585,C=CC(=O)OC
METHYL ALLYL CYANIDE,solvent_586,CC=CCC#N
METHYL AMINE,solvent_587,CN
METHYL AMYL ACETATE,solvent_588,CC(=O)OC(C)CC(C)C
METHYL BENZOATE,solvent_589,COC(=O)c1ccccc1
METHYL BROMIDE,solvent_590,CBr
METHYL BUTYL KETONE,solvent_591,CCCCC(C)=O
METHYL CHLORIDE,solvent_592,CCl
METHYL CHLOROFORMATE,solvent_593,COC(=O)Cl
METHYL ETHYL ETHER,solvent_594,CCOC
METHYL ETHYL KETONE,solvent_595,CCC(C)=O
METHYL FORMATE,solvent_597,COC=O
METHYL GLYOXAL,solvent_598,CC(=O)C=O
METHYL HYDRAZINE,solvent_599,CNN
METHYL HYDROPEROXIDE,solvent_600,COO
METHYL IODIDE,solvent_601,CI
METHYL ISOAMYL KETONE,solvent_602,CC(=O)CCC(C)C
METHYL ISOBUTYL CARBINOL,solvent_603,CC(C)CC(C)O
METHYL ISOBUTYL KETONE,solvent_604,CC(=O)CC(C)C
METHYL ISOCYANATE,solvent_605,CN=C=O
METHYL ISOPROPENYL KETONE,solvent_606,C=C(C)C(C)=O
METHYL ISOTHIOCYANATE,solvent_607,CN=C=S
METHYL MERCAPTAN,solvent_608,CS
METHYL METHACRYLATE,solvent_609,C=C(C)C(=O)OC
METHYL n-AMYL KETONE,solvent_610,CCCCCC(C)=O
METHYL NITRATE,solvent_611,CO[N+](=O)[O-]
METHYL n-PROPYL KETONE,solvent_612,CCCC(C)=O
METHYLPHOSPHONIC DIFLUORIDE,solvent_614,CP(=O)(F)F
METHYL PROPIONATE,solvent_615,CCC(=O)OC
METHYL SALICYLATE,solvent_616,COC(=O)c1ccccc1O
METHYL SILANE,solvent_617,C[SiH3]
METHYL SULFIDE,solvent_618,CSC
METHYL SULFOLANE,solvent_619,CC1CCCS1(=O)=O
METHYL THIOCYANATE,solvent_620,CSC#N
METHYL VINYL ETHER,solvent_621,C=COC
METHYL VINYL KETONE,solvent_622,C=CC(C)=O
METHYL VINYL SULFIDE,solvent_623,C=CSC
METHYL VINYL SULFONE,solvent_624,C=CS(C)(=O)=O
METHYL-1-PROPYNYL ETHER,solvent_625,CC#COC
METHYLAL,solvent_626,COCOC
METHYLENE DICHLORIDE,solvent_627,ClCCl
METHYLENE DIIODIDE,solvent_628,ICI
METHYL-P-TOLUATE,solvent_629,COC(=O)c1ccc(C)cc1
METHYL-T-BUTYL ETHER,solvent_630,COC(C)(C)C
MORPHOLINE,solvent_631,C1COCCN1
"N,N-DIBUTYL FORMAMIDE",solvent_633,CCCCN(C=O)CCCC
"N,N-DICHLOROETHYL AMINE",solvent_634,CCN(Cl)Cl
"N,N-DICHLOROMETHYL AMINE",solvent_635,ClCNCCl
"N,N-DIETHYL ACETAMIDE",solvent_636,CCN(CC)C(C)=O
"N,N-DIETHYL FORMAMIDE",solvent_637,CCN(C=O)CC
"N,N-DIMETHYL ACETAMIDE",solvent_638,CC(=O)N(C)C
"N,N-DIMETHYL BUTYRAMIDE",solvent_639,CCCC(=O)N(C)C
N-ACETYL CAPROLACTAM,solvent_640,CC(=O)N1CCCCCC1=O
N-ACETYL MORPHOLINE,solvent_641,CC(=O)N1CCOCC1
N-ACETYL PIPERIDINE,solvent_642,CC(=O)N1CCCCC1
N-ACETYL PYRROLIDONE,solvent_643,CC(=O)N1CCCC1=O
NAPHTHALENE,solvent_645,c1ccc2ccccc2c1
N-BENZYL PYRROLIDONE,solvent_646,O=C1CCCN1Cc1ccccc1
n-BUTYL ACETATE,solvent_647,CCCCOC(C)=O
n-BUTYL ACETO ACETATE,solvent_648,CCCCOC(=O)CC(C)=O
n-BUTYL ACRYLATE,solvent_649,C=CC(=O)OCCCC
n-BUTYL AMINE,solvent_650,CCCCN
n-BUTYL BUTYRATE,solvent_651,CCCCOC(=O)CCC
n-BUTYL CYCLOHEXANE,solvent_652,CCCCC1CCCCC1
n-BUTYL CYCLOPENTANE,solvent_653,CCCCC1CCCC1
n-BUTYL METHACRYLATE,solvent_654,C=C(C)C(=O)OCCCC
n-BUTYL SALICYLATE,solvent_655,CCCCOC(=O)c1ccccc1O
n-BUTYLBENZENE,solvent_656,CCCCc1ccccc1
N-CHLORODIMETHYLAMINE,solvent_657,CN(C)Cl
N-FORMYL PIPERIDINE,solvent_659,O=CN1CCCCC1
n-HEPTYL ACETATE,solvent_660,CCCCCCCOC(C)=O
NITROBENZENE,solvent_661,O=[N+]([O-])c1ccccc1
NITROETHANE,solvent_662,CC[N+](=O)[O-]
NITROETHYLENE,solvent_663,C=C[N+](=O)[O-]
NITROMETHANE,solvent_664,C[N+](=O)[O-]
N-n-BUTYL PYRROLIDONE,solvent_665,CCCCN1CCCC1=O
NONANE,solvent_666,CCCCCCCCC
NONYL PHENOL,solvent_667,CCCCCCCCCc1ccccc1O
NONYL PHENOXY ETHANOL,solvent_668,CCCCCCCCCC(C)(O)Oc1ccccc1
n-PROPYL ACETATE,solvent_669,CCCOC(C)=O
o-BROMOANISOLE,solvent_670,COc1ccccc1Br
o-BROMOCHLOROBENZENE,solvent_671,Clc1ccccc1Br
o-BROMOSTYRENE,solvent_672,C=Cc1ccccc1Br
o-BROMOTOLUENE,solvent_673,Cc1ccccc1Br
o-CHLOROFLUOROBENZENE,solvent_674,Fc1ccccc1Cl
o-CHLOROSTYRENE,solvent_675,C=Cc1ccccc1Cl
o-CHLOROTHIOPHENOL,solvent_676,Sc1ccccc1Cl
OCTANE,solvent_677,CCCCCCCC
OCTANOIC ACID,solvent_678,CCCCCCCC(=O)O
o-DIBROMOBENZENE,solvent_679,Brc1ccccc1Br
o-DICHLOROBENZENE,solvent_680,Clc1ccccc1Cl
o-DIFLUOROBENZENE,solvent_681,Fc1ccccc1F
o-n-BUTYLTOLUENE,solvent_685,CCCCc1ccccc1C
OXALYLCHLORIDE,solvent_686,O=C(Cl)C(=O)Cl
o-XYLENE,solvent_687,Cc1ccccc1C
p-BROMOBENZONITRILE,solvent_689,N#Cc1ccc(Br)cc1
p-BROMOBENZOYL CHLORIDE,solvent_690,O=C(Cl)c1ccc(Br)cc1
p-BROMONITROBENZENE,solvent_691,O=[N+]([O-])c1ccc(Br)cc1
p-BROMOTOLUENE,solvent_692,Cc1ccc(Br)cc1
p-CHLORO ACETOPHENONE,solvent_693,CC(=O)c1ccc(Cl)cc1
p-CHLOROBENZOYL CHLORIDE,solvent_694,O=C(Cl)c1ccc(Cl)cc1
p-CHLORONITROBENZENE,solvent_695,O=[N+]([O-])c1ccc(Cl)cc1
p-CHLOROSTYRENE,solvent_696,C=Cc1ccc(Cl)cc1
p-CHLOROTOLUENE,solvent_697,Cc1ccc(Cl)cc1
p-DICHLOROBENZENE,solvent_698,Clc1ccc(Cl)cc1
p-DIETHYL BENZENE,solvent_699,CCc1ccc(CC)cc1
p-DIVINYL BENZENE,solvent_700,C=Cc1ccc(C=C)cc1
PENTACHLOROCYCLOPROPANE,solvent_701,ClC1C(Cl)(Cl)C1(Cl)Cl
PENTACHLOROPHENOL,solvent_702,Oc1c(Cl)c(Cl)c(Cl)c(Cl)c1Cl
PENTAFLUOROBENZOPHENONE,solvent_703,O=C(c1ccccc1)c1c(F)c(F)c(F)c(F)c1F
PENTAMETHYLENE SULFIDE,solvent_704,C1CCSCC1
PENTANE,solvent_705,CCCCC
PERFLUOROHEPTANE,solvent_707,FC(F)(F)C(F)(F)C(F)(F)C(F)(F)C(F)(F)C(F)(F)C(F)(F)F
PERFLUOROMETHYLCYCLOHEXANE,solvent_708,FC(F)(F)C1(F)C(F)(F)C(F)(F)C(F)(F)C(F)(F)C1(F)F
p-FLUOROANISOLE,solvent_709,COc1ccc(F)cc1
PHENOL,solvent_710,Oc1ccccc1
PHENYL ACETONITRILE,solvent_711,N#CCc1ccccc1
PHOSGENE,solvent_712,O=C(Cl)Cl
PHOSPHORUS TRICHLORIDE,solvent_713,ClP(Cl)Cl
PHTHALIC ANHYDRIDE,solvent_714,O=C1OC(=O)c2ccccc21
p-n-BUTYLTOLUENE,solvent_716,CCCCc1ccc(C)cc1
p-NITRO TOLUENE,solvent_717,Cc1ccc([N+](=O)[O-])cc1
PROPARGYLALDEHYDE,solvent_718,C#CC=O
PROPIONALDEHYDE,solvent_719,CCC=O
PROPIONAMIDE,solvent_721,CCC(N)=O
PROPIONIC ACID,solvent_722,CCC(=O)O
PROPIONITRILE,solvent_723,CCC#N
PROPIONYLCHLORIDE,solvent_724,CCC(=O)Cl
PROPYL AMINE,solvent_725,CCCN
PROPYL CHLORIDE,solvent_726,CCCCl
PROPYL METHACRYLATE,solvent_727,C=C(C)C(=O)OCCC
PROPYLENE,solvent_728,C=CC
PROPYLENE CARBONATE,solvent_729,CC1COC(=O)O1
PROPYLENE GLYCOL,solvent_731,CC(O)CO
PROPYLENE GLYCOL MONOBUTYL ETHER,solvent_732,CCCCOCC(C)O
PROPYLENE GLYCOL MONOETHYL ETHER ACETATE,solvent_734,CCOCC(C)OC(C)=O
PROPYLENE GLYCOL MONOISOBUTYL ETHER,solvent_735,CC(C)COCC(C)O
PROPYLENE GLYCOL MONOMETHYL ETHER,solvent_737,COCC(C)O
PROPYLENE GLYCOL MONOMETHYL ETHER ACETATE,solvent_738,COCC(C)OC(C)=O
PROPYLENE GLYCOL MONOPROPYL ETHER,solvent_740,CCCOCC(C)O
PROPYLENE GLYCOL MONO-T-BUTYL ETHER,solvent_741,CC(O)COC(C)(C)C
PROPYLENE OXIDE,solvent_742,CC1CO1
PROPIOLONITRILE,solvent_743,C#CC#N
PYRIDAZINE,solvent_744,c1ccnnc1
PYRIDINE,solvent_745,c1ccncc1
PYRROLE,solvent_746,c1cc[nH]c1
PYRUVONITRILE,solvent_747,CC(=O)C#N
QUINOLINE,solvent_748,c1ccc2ncccc2c1
SALICYLALDEHYDE,solvent_749,O=Cc1ccccc1O
SEC-BUTYL ACETATE,solvent_750,CCC(C)OC(C)=O
SKATOLE,solvent_751,Cc1c[nH]c2ccccc12
STEARIC ACID,solvent_752,CCCCCCCCCCCCCCCCCC(=O)O
STYRENE,solvent_753,C=Cc1ccccc1
SUCCINIC ANHYDRIDE,solvent_755,O=C1CCC(=O)O1
SUCCINONITRILE,solvent_756,N#CCCC#N
SULFOLANE,solvent_757,O=S1(=O)CCCC1
SULFUR DICYANIDE,solvent_758,N#CSC#N
SULFUR DIOXIDE,solvent_759,O=S=O
t-BUTYL ALCOHOL,solvent_760,CC(C)(C)O
TETRACHLOROETHYLENE,solvent_761,ClC(Cl)=C(Cl)Cl
TETRAETHYLORTHOSILICATE,solvent_762,CCO[Si](OCC)(OCC)OCC
TETRAHYDROFURAN,solvent_763,C1CCOC1
TETRAHYDRONAPHTHALENE,solvent_764,c1ccc2c(c1)CCCC2
TETRAHYDROPYRAN,solvent_765,C1CCOCC1
TETRAHYDROTHIAPYRAN,solvent_766,C1CCSCC1
TETRAHYDROTHIOPHENE,solvent_767,C1CCSC1
TETRAMETHYLENE SULFIDE,solvent_768,C1CCSC1
TETRAMETHYLENE SULFONE,solvent_769,O=S1(=O)CCCC1
TETRAMETHYLENE SULFOXIDE,solvent_770,O=S1CCCC1
TETRAMETHYLUREA,solvent_771,CN(C)C(=O)N(C)C
THIACYCLOPROPANE,solvent_772,C1CS1
THIAZOLE,solvent_773,c1cscn1
THIOACETAMIDE,solvent_774,CC(N)=S
THIOCYANIC ACID,solvent_776,N#CS
THIONYL CHLORIDE,solvent_777,O=S(Cl)Cl
THIOPHENE,solvent_778,c1ccsc1
THIOPHENOL,solvent_779,Sc1ccccc1
THIOUREA,solvent_780,NC(N)=S
TOLUENE,solvent_782,Cc1ccccc1
TOLYLENE DIISOCYANATE,solvent_783,Cc1ccc(N=C=O)cc1N=C=O
TRIBROMO ETHYLENE,solvent_786,BrC=C(Br)Br
TRIBUTYL PHOSPHATE,solvent_787,CCCCOP(=O)(OCCCC)OCCCC
TRICHLOROACETIC ACID,solvent_788,O=C(O)C(Cl)(Cl)Cl
TRICHLOROACETONITRILE,solvent_789,N#CC(Cl)(Cl)Cl
TRICHLOROBIPHENYL,solvent_790,Clc1ccc(-c2ccccc2)c(Cl)c1Cl
TRICHLOROETHYLENE,solvent_791,ClC=C(Cl)Cl
TRIDECYL ALCOHOL,solvent_793,CCCCCCCCCCCCCO
TRIETHANOLAMINE,solvent_794,OCCN(CCO)CCO
TRIETHYLAMINE,solvent_795,CCN(CC)CC
TRIETHYLENE GLYCOL,solvent_796,OCCOCCOCCO
TRIETHYLENE GLYCOL MONOMETHYL ETHER,solvent_797,COCCOCCOCCO
TRIETHYLPHOSPHATE,solvent_799,CCOP(=O)(OCC)OCC
TRIFLUOROACETIC ACID,solvent_800,O=C(O)C(F)(F)F
TRIMETHYL AMINE,solvent_804,CN(C)C
TRIMETHYLBENZENE,solvent_805,Cc1cccc(C)c1C
TRIMETHYLENEOXIDE,solvent_806,C1COC1
TRIMETHYLENESULFIDE,solvent_807,C1CSC1
TRIMETHYLPHOSPHATE,solvent_808,COP(=O)(OC)OC
TRIPROPYLENE GLYCOL MONOMETHYL ETHER,solvent_809,COC(C)COC(C)COC(C)CO
VALERONITRILE,solvent_811,CCCCC#N
VINYL ACETATE,solvent_814,C=COC(C)=O
VINYL ACETIC ACID,solvent_815,C=CCC(=O)O
VINYL ACETYLENE,solvent_816,C#CC=C
VINYL ALLYL ETHER,solvent_817,C=CCOC=C
VINYL AMINE,solvent_818,C=CN
VINYL BROMIDE,solvent_819,C=CBr
VINYL BUTYL SULFIDE,solvent_820,C=CSCCCC
VINYL BUTYRATE,solvent_821,C=COC(=O)CCC
VINYL CHLORIDE,solvent_822,C=CCl
VINYL ETHER,solvent_824,C=COC=C
VINYL ETHYL SULFIDE,solvent_825,C=CSCC
VINYL FORMATE,solvent_826,C=COC=O
VINYL IODIDE,solvent_827,C=CI
VINYL PROPIONATE,solvent_828,C=COC(=O)CC
PROPYL VINYL ETHER,solvent_829,C=COCCC
VINYL PYRROLIDONE,solvent_830,C=CN1CCCC1=O
VINYL SILANE,solvent_831,C=C[SiH3]
VINYL TRIMETHYL SILANE,solvent_833,C=C[Si](C)(C)C
XYLENE,solvent_835,Cc1ccccc1C
"2,4-DICHLOROBENZALDEHYDE",solvent_836,C1=CC(=C(C=C1Cl)Cl)C=O 
4-METHOXY BENZONITRILE,solvent_837,COC1=CC=C(C=C1)C#N 
CHLOROCYCLOPROPANE,solvent_838,C1CC1Cl
DI-ISODECYL PHTHALATE,solvent_839,CC(C)CCCCCCCOC(=O)C1=CC=CC=C1C(=O)OCCCCCCCC(C)C
METHYL CYCLOHEXANE,solvent_840,CC1CCCCC1
N-METHYL-2-PYRROLIDONE,solvent_841,CN1CCCC1=O
TETRAFLUORO ETHYLENE,solvent_842,C(=C(F)F)(F)F
TRICRESYL PHOSPHATE,solvent_843,CC1=CC=C(C=C1)OP(=O)(OC2=CC=C(C=C2)C)OC3=CC=C(C=C3)C
WATER,solvent_844,O
