lakename,county,WBIC,lake_index
Lake Arrowhead,Adams,1377700,0
Friendship Lake,Adams,1352000,1
Twentysix Lake,Burnett,2672500,2
Goose Lake,Adams,103600,3
Jordan Lake,Adams,104000,4
Mason Lake,Adams,175700,5
McGinnis Lake,Adams,179100,6
Parker Lake,Adams,106500,7
Patrick Lake,Adams,106600,8
Peppermill Lake,Adams,178700,9
Wolf Lake,Adams,117500,10
Augustine Lake,Ashland,2410400,11
Big Roche a Cri,Adams,1374800,12
Butternut Lake,Price,2283300,13
Lake Galilee,Ashland,2935500,14
Mineral Lake,Ashland,2916900,15
Bass Lake,Barron,1832800,16
Bear Lake,Barron,2105100,17
Beaver Dam Lake,Barron,2081200,18
Big Dummy Lake,Barron,1835100,19
Big Moon Lake,Barron,2079000,20
Camelot Lake,Adams,1378100,21
Echo Lake,Barron,2630200,22
Granite Lake,Barron,2100800,23
Hemlock Lake,Barron,2109800,24
Horseshoe Lake,Barron,2469800,25
Horseshoe Lake,Polk,2630100,26
Kirby Lake,Barron,1858200,27
Lake Desair,Barron,2104500,28
Lake Montanis,Barron,2103200,29
Little Dummy Lake,Barron,1861400,30
Little Sand Lake,Barron,2661600,31
Crooked Lake,Adams,102600,32
Loon Lake,Barron,2478600,33
Lower Turtle Lake,Barron,2079700,34
Lower Vermillion Lake,Barron,2098200,35
North Lake,Barron,2630800,36
Poskin Lake,Barron,2098000,37
Prairie Lake,Barron,2094100,38
Red Cedar Lake,Barron,2109600,39
Sand Lake,Barron,2661100,40
Silver Lake,Barron,1881100,41
Staples Lake,Barron,2631200,42
Upper Turtle Lake,Barron,2079800,43
Bass Lake,Bayfield,2901100,44
Buskey Bay,Bayfield,2903800,45
Cranberry Lake,Bayfield,2741700,46
Eagle Lake,Bayfield,2902900,47
Flynn Lake,Bayfield,2902800,48
Half Moon Lake,Bayfield,2762700,49
Hart Lake,Bayfield,2903200,50
Kelly Lake,Bayfield,2472000,51
Lake Wilipyro,Bayfield,2473600,52
Deep Lake,Adams,102800,53
Long Lake,Bayfield,2767100,54
Lower Eau Claire Lake,Bayfield,2741600,55
Middle Eau Claire Lake,Bayfield,2742100,56
Lake Millicent,Bayfield,2903700,57
Garden Lake,Bayfield,2735500,58
Pigeon Lake,Bayfield,2489400,59
Robinson Lake,Bayfield,2743300,60
Samoset Lake,Bayfield,2494800,61
Lake Tahkodah,Bayfield,2473500,62
Twin Lakes,Bayfield,2731800,63
Easton Lake,Adams,1343600,64
Upper Eau Claire Lake,Bayfield,2742700,65
Benoit Lake,Burnett,2678300,66
Big Bear Lake,Burnett,2705700,67
Big Doctor Lake,Burnett,2453400,68
McKenzie Lake,Washburn,2706800,69
Big Sand Lake,Burnett,2676800,70
Big Trade Lake,Burnett,2638700,71
Birch Island Lake,Burnett,2453500,72
Cadotte Lake,Burnett,2673600,73
Cranberry Lake,Burnett,2670700,74
Fawn Lake,Adams,1301300,75
Crooked Lake,Burnett,2459200,76
Deer Lake,Burnett,2460700,77
Des Moines Lake,Burnett,2674200,78
Falk Lake,Burnett,2670900,79
Gull Lake,Burnett,2671100,80
Johnson Lake,Burnett,2471600,81
Lipsett Lake,Burnett,2678100,82
Little Trade Lake,Burnett,2639300,83
Little Wood Lake,Burnett,2650900,84
Long Lake,Burnett,2674100,85
Fenner Lake,Adams,103400,86
Loon Lake ,Burnett,2673500,87
Lower McKenzie Lake,Washburn,2706300,88
Middle McKenzie Lake,Burnett,2706500,89
Minerva Lake,Burnett,2670600,90
Mud Hen Lake,Burnett,2649500,91
Oak Lake,Burnett,2486600,92
Poquettes Lake,Burnett,2491100,93
Sand Lake,Burnett,2495100,94
Spirit Lake,Burnett,2650300,95
Tabor Lake,Burnett,2671700,96
Viola Lake,Burnett,2598600,97
Webb Lake,Burnett,2705400,98
Webb Lake,Burnett,2705400,99
Becker Lake,Calumet,77300,100
Lake Winnebago,Fond du Lac,131100,101
Axhandle Lake,Chippewa,2092500,102
Chain Lake,Rusk,2350500,103
Lake Hallie- Lake Hallie 2,Chippewa,2150200,104
Long Lake,Chippewa,2351400,105
Loon Lake,Chippewa,1863000,106
Lake Wissota,Chippewa,2152800,107
Round Lake,Chippewa,2169200,108
Sand Lake,Rusk,2353600,109
Two Island Lake,Chippewa,1887500,110
Mead Lake,Clark,2143900,111
Lake Wisconsin,Sauk,1260600,112
Lazy Lake (Fall R Millpond),Columbia,843400,113
Park Lake,Columbia,180300,114
Lake Kegonsa,Dane,802600,115
Lake Koshkonong,Jefferson,808700,116
Lake Mendota,Dane,805400,117
Lake Monona,Dane,804600,118
Lake Waubesa,Dane,803700,119
Lake Wingra,Dane,805000,120
Unnamed,Dane,3000513,121
,Dane,,122
Rice Lake,Dane,779500,123
Tiedemans Pond,Dane,783740,124
Beaver Dam Lake,Dodge,835100,125
Lake Emily,Dodge,161600,126
Clark Lake,Door,97700,127
Europe Lake,Door,93100,128
Kangaroo Lake,Door,98600,129
Amnicon Lake,Douglas,2858100,130
Dowling Lake,Douglas,2858300,131
Lake Minnesuing,Douglas,2866200,132
Lake Nebagamon,Douglas,2865000,133
Lower Eau Claire Lake,Bayfield,2741600,134
Minong Flowage,Washburn,2692900,135
Person Lake,Douglas,2488600,136
Red Lake,Douglas,2492100,137
St Croix Flowage ,Douglas,2740300,138
St Croix Flowage ,Douglas,2740300,139
Altoona Lake,Eau Claire,2128100,140
Bass Lake ,Florence,584200,141
Ellwood Lake,Florence,650500,142
Frog Lake,Florence,585700,143
Halsey Lake,Florence,679300,144
Keyes Lake,Florence,672900,145
Lost Lake,Florence,588000,146
Lost Lake,Florence,588000,147
North Lake,Florence,703000,148
Patten Lake,Florence,653700,149
Porcupine Lake,Florence,590800,150
Reisner Lake,Florence,676700,151
Van Zile Lake,Forest,608400,152
West Lake,Florence,703500,153
Auburn Lake,Fond du Lac,42400,154
Bernice Lake,Fond du Lac,40900,155
DeNeveu Lake,Fond du Lac,139300,156
Dickman Lake,Fond du Lac,41900,157
Forest Lake,Fond du Lac,8900,158
Kettle Moraine Lake,Fond du Lac,43900,159
Lake Winnebago,Fond du Lac,131100,160
Long Lake,Fond du Lac,38700,161
Mauthe Lake,Fond du Lac,38200,162
Wolf Lake,Fond du Lac,60800,163
Bear Lake,Forest,552100,164
Butternut Lake,Forest,692400,165
Crane Lake,Forest,388500,166
Crystal Lake,Langlade,184200,167
Franklin Lake,Forest,692900,168
Jungle Lake,Forest,377900,169
Kentuck Lake,Vilas,716800,170
Lake Lucerne,Forest,396500,171
Metonga Lake,Forest,394400,172
Lily Lake,Forest,376900,173
Little Sand Lake,Forest,389700,174
Pine Lake,Forest,406900,175
Roberts Lake,Forest,378400,176
Sevenmile Lake,Oneida,1605800,177
Trump Lake,Forest,479300,178
Van Zile Lake,Forest,608400,179
Walsh Lake,Forest,240300,180
Grand Lake (Millpond),Green Lake,161100,181
Green Lake,Green Lake,146100,182
Little Green Lake,Green Lake,162500,183
Puckaway Lake,Green Lake,158700,184
Blackhawk Lake,Iowa,1239400,185
Helen Lake,Iowa,1242400,186
Ludden Lake,Iowa,930700,187
Twin Valley Lake,Iowa,1245800,188
Charnley Lake,Iron,1840400,189
Circle Lily Lake,Vilas,2326700,190
First Black Lake,Iron,2298500,191
Fisher Lake,Iron,2307300,192
Gile Flowage,Iron,2942300,193
Grand Portage Lake,Iron,2314100,194
Island Lake,Iron,2945500,195
Lake of the Falls,Iron,2298300,196
Little Pike Lake,Iron,2313100,197
Little Pine Lake,Iron,2949500,198
Long Lake,Iron,2303500,199
Martha Lake,Iron,2314300,200
Mercer Lake,Iron,2313600,201
Pine Lake,Iron,2949200,202
Rice Lake,Iron,2300600,203
Spider Lake,Iron,2306300,204
Turtle Flambeau Flowage,Iron,2294900,205
Turtle Flambeau Flowage,Iron,2294900,206
Turtle Flambeau Flowage,Iron,2294900,207
Trude Lake,Iron,2295200,208
Wilson Lake,Iron,2297000,209
Wazee Lake,Jackson,1670030,210
Blue Spring Lake,Jefferson,819800,211
Golden Lake,Waukesha,775900,212
Lake Koshkonong,Jefferson,808700,213
Lake Ripley,Jefferson,809600,214
Spring Lake,Jefferson,820800,215
Mud Lake,Jefferson,830800,216
Red Cedar Lake,Jefferson,813100,217
Rock Lake,Jefferson,830700,218
Decorah Lake,Juneau,1304600,219
Lake Mary,Kenosha,743000,220
Benet Lake,Kenosha,734800,221
Lilly Lake,Kenosha,740900,222
Paddock Lake,Kenosha,737900,223
Powers Lake,Kenosha,744200,224
Silver Lake,Kenosha,747900,225
Voltz Lake,Kenosha,746300,226
East Alaska Lake,Kewaunee,94200,227
West Alaska Lake,Kewaunee,94300,228
Hidden Valley Lake 1,Lafayette,903450,229
Yellowstone Lake,Lafayette,903700,230
Big Twin Lake,Langlade,182200,231
Boulder Lake,Oconto,491800,232
Crystal Lake,Langlade,184200,233
Little Partridge Lake,Langlade,999700,234
Partridge Lake,Langlade,1009500,235
Saddlebag Lake,Langlade,1448400,236
Bullhead Lake,Langlade,1450800,237
Lower Wolf Lake,Langlade,1450600,238
Upper Wolf Lake,Langlade,1450700,239
Duck Lake,Langlade,981500,240
Dynamite Lake,Langlade,1451700,241
Horseshoe Lake,Langlade,1448600,242
Jessie Lake,Langlade,188700,243
Lawrence Lake,Langlade,997300,244
Little Sand Lake,Forest,389700,245
Lower Clear Lake,Langlade,1002400,246
Mary Lake,Langlade,496300,247
Moose Lake,Langlade,337600,248
Rolling Stone Lake,Langlade,389300,249
Rose Lake,Langlade,494200,250
Sawyer Lake,Langlade,198100,251
Unnamed,Langlade,1448300,252
White Lake,Langlade,365500,253
Bass Lake,Lincoln,969600,254
Clear Lake,Lincoln,1555400,255
Deer Lake,Lincoln,1519600,256
Halfmoon Lake,Lincoln,988000,257
Hilts Lake,Lincoln,1564600,258
Lake Mohawksin,Lincoln,1515400,259
Lake Nokomis,Oneida,1516500,260
Lake Nokomis,Lincoln,1516500,261
Lake Pesobic,Lincoln,1481600,262
Long Lake,Lincoln,1001000,263
Pickerel Lake,Lincoln,1558400,264
Seven Island Lake,Lincoln,1490300,265
Spirit River Flowage,Lincoln,1506800,266
Tug Lake,Lincoln,1482400,267
Bullhead Lake,Manitowoc,68300,268
Carstens Lake,Manitowoc,66800,269
Cedar Lake,Manitowoc,45100,270
English Lake,Manitowoc,68100,271
Gass Lake,Manitowoc,67100,272
Harpt Lake,Manitowoc,84600,273
Hartlaub Lake,Manitowoc,67200,274
Horseshoe Lake,Manitowoc,64200,275
Kasbaum Lake,Manitowoc,45800,276
Long Lake,Manitowoc,77500,277
Pigeon Lake,Manitowoc,64000,278
Shoe Lake,Manitowoc,46700,279
Tuma Lake,Manitowoc,87900,280
Weyers Lake,Manitowoc,49400,281
Wilke Lake,Manitowoc,58000,282
Big Bass Lake,Marathon,1405200,283
Big Eau Pleine Reservoir,Marathon,1427400,284
Pike Lake,Marathon,1406300,285
Bass Lake,Marinette,521400,286
Newton Lake,Marinette,498800,287
Caldron Falls Reservoir*,Marinette,545400,288
Gilas Lake,Marinette,523300,289
Lake Noquebay,Marinette,525900,290
Little Newton Lake,Marinette,502300,291
Lake Mary,Marinette,530500,292
Thunder Lake,Marinette,533600,293
Town Corner Lake,Marinette,617900,294
Twin Lakes,Marquette,103100,295
Fenner Lake,Adams,103400,296
Lake Sharon,Marquette,104700,297
Mason Lake,Adams,175700,298
Pleasant Lake,Waushara,106900,299
Puckaway Lake,Green Lake,158700,300
Sandy Lake,Marquette,107400,301
Tuttle Lake,Marquette,108200,302
Twin Lakes,Marquette,117000,303
White Lake,Marquette,163970,304
Unnamed,Marquette,168190,305
Wood Lake,Marquette,117600,306
Berry Lake,Oconto,418300,307
Blacksmith Lake,Menominee,340500,308
Little Blacksmith Lake,Menominee,340400,309
Unnamed,Menominee,5535807,310
Pestiga Lake,Menominee,340200,311
Pywaosit Lake,Menominee,341000,312
Sapokesick Lake,Menominee,340900,313
Skice Lake,Menominee,339900,314
Spring Lake,Menominee,340100,315
Skice Lake,Menominee,339900,316
Moshawquit Lake,Menominee,454200,317
Upper Kelly Lake,Waukesha,7100,318
Lake Tomah,Monroe,1342100,319
Anderson Lake,Oconto,458700,320
Archibald Lake,Oconto,417400,321
Bass Lake,Oconto,417900,322
Bear Lake,Oconto,471200,323
Bear Paw Lake,Oconto,418000,324
Berry Lake,Oconto,418300,325
Boot Lake,Oconto,418700,326
Boulder Lake,Oconto,491800,327
Caldron Falls Reservoir*,Marinette,545400,328
Chain Lake,Oconto,464700,329
Chute Pond,Oconto,462520,330
Cooley Lake,Oconto,447200,331
Crooked Lake,Oconto,462000,332
Explosion Lake,Oconto,466900,333
Green Lake,Oconto,459900,334
Grindle Lake,Oconto,421600,335
Hoerth Lake,Oconto,447400,336
Horn Lake,Oconto,467100,337
Kelly Lake,Oconto,446600,338
Klaus Lake,Oconto,445800,339
Little Horn Lake,Oconto,466800,340
Little Pickerel Lake,Oconto,475000,341
Machickanee Flowage (Stiles),Oconto,448200,342
Maiden Lake,Oconto,487500,343
Makholm Lake,Oconto,447300,344
Mary Lake,Langlade,496300,345
Munger Lake,Oconto,470900,346
Nelligan Lake,Oconto,425300,347
Paya Lake,Oconto,425600,348
Pecor Lake,Oconto,447100,349
Pickerel Lake,Oconto,474900,350
Porcupine Lake,Oconto,443500,351
Ranch Lake,Oconto,426400,352
Round Lake,Oconto,446700,353
Smoke Lake,Oconto,427500,354
Star Lake,Oconto,427900,355
Surprise Lake,Oconto,428100,356
Underwood Lake,Oconto,519700,357
Waubee Lake,Oconto,439500,358
Wheeler Lake,Oconto,439800,359
White Lake,Oconto,447000,360
White Potato Lake,Oconto,515100,361
Wiscobee Lake,Oconto,481700,362
Aldridge Lake,Oneida,967400,363
Alva Lake,Oneida,968100,364
Bass Lake T37n R09e S30,Oneida,1580300,365
Bear Lake,Oneida,1527800,366
Bearskin Lake,Oneida,1523600,367
Big Fork Lake,Oneida,1610700,368
Big Lake,Oneida,1613000,369
Big Stone Lake,Oneida,1612200,370
Birch Lake,Oneida,1523800,371
Bird Lake,Oneida,972000,372
Bolger Lake,Oneida,973000,373
Boom Lake,Oneida,1580200,374
Buffalo Lake,Oneida,974200,375
Chain Lake,Oneida,1598000,376
Clearwater Lake,Oneida,1616400,377
Cranberry Lake,Oneida,1603800,378
Crescent Lake,Oneida,1564200,379
Mud Lake,Oneida,1612500,380
Dam Lake,Oneida,1596900,381
Deer Lake,Oneida,1612300,382
Deer Lake,Oneida,1612300,383
Diamond Lake,Oneida,1537100,384
Dog Lake,Oneida,1612900,385
Dorothy Lake,Oneida,981200,386
Twin Lakes,Oneida,982400,387
Emma Lake,Oneida,983500,388
Fifth Lake,Oneida,1571100,389
Flannery Lake,Oneida,985300,390
Fourmile Lake,Oneida,1610800,391
Franklin Lake,Oneida,986000,392
Fuller Lake,Oneida,2272000,393
George Lake,Oneida,1569600,394
Gilmore Lake,Oneida,1589300,395
Hancock Lake,Oneida,1517900,396
Hanson Lake,Oneida,988200,397
Hasbrook Lake,Oneida,1589100,398
Unnamed,Oneida,1138400,399
Hemlock Lake,Oneida,989200,400
Hill Lake,Oneida,990200,401
Horsehead Lake,Oneida,1588000,402
Island Lake,Oneida,1610500,403
Kathan Lake,Oneida,1598300,404
Kawaguesaga Lake,Oneida,1542300,405
Lake Julia,Oneida,995000,406
Lake Nokomis,Oneida,1516500,407
Lake Nokomis,Lincoln,1516500,408
Lake Thompson,Oneida,1569900,409
Laurel Lake,Oneida,1611800,410
Laurel Lake,Oneida,1611800,411
Lee Lake,Oneida,997400,412
Little Bearskin Lake,Oneida,1523500,413
Little Tomahawk Lake,Oneida,1543900,414
Lone Stone Lake,Oneida,1605600,415
Long Lake,Oneida,1609000,416
Long Lake,Oneida,1001300,417
Lower Kaubashine Lake,Oneida,1534800,418
Lower Ninemile Lake,Vilas,1605200,419
Manson Lake,Oneida,1517200,420
Maple Lake,Oneida,1609900,421
Medicine Lake,Oneida,1611700,422
Meta Lake,Vilas,1004400,423
Mid Lake,Oneida,1542600,424
Mildred Lake,Oneida,1004600,425
Moen Lake,Oneida,1573800,426
Oneida Lake,Oneida,1518200,427
Pelican Lake,Oneida,1579900,428
Perch Lake,Oneida,1010800,429
Perch Lake,Oneida,1011100,430
Pickerel Lake,Oneida,1590400,431
Planting Ground Lake,Oneida,1609100,432
Rainbow Flowage,Oneida,1595300,433
Range Line Lake,Oneida,1610300,434
Rice Lake,Oneida,1617200,435
Sand Lake,Oneida,1597000,436
Second Lake,Oneida,1572300,437
Sevenmile Lake,Oneida,1605800,438
Shepard Lake,Oneida,1576100,439
Shishebogama Lake,Vilas,1539600,440
Spirit Lake,Oneida,1612000,441
Spur Lake,Oneida,1571800,442
Squash Lake,Oneida,1019500,443
Amber Lake,Oneida,2271600,444
Squirrel Lake,Oneida,1536300,445
Stella Lake,Oneida,1575700,446
Sugar Camp Lake,Oneida,1020400,447
Sureshot Lake,Oneida,1021000,448
Swamp Lake,Oneida,1522400,449
Third Lake,Oneida,1572200,450
Thunder Lake,Oneida,1580400,451
Tom Doyle Lake,Oneida,1586800,452
Tomahawk Lake,Oneida,1542700,453
Townline Lake,Oneida,1023100,454
Townline Lake,Oneida,1609600,455
Unnamed,Oneida,5583266,456
Upper Kaubashine Lake,Oneida,1535000,457
Velvet Lake,Oneida,1176500,458
Virgin Lake,Oneida,1614100,459
Washburn Lake,Oneida,1178000,460
West Horsehead Lake,Oneida,1522900,461
Whitefish Lake,Oneida,1613500,462
Whitefish Lake,Oneida,1613500,463
Willow Flowage,Oneida,1528300,464
Apple River Flowage,Polk,2624200,465
Balsam Lake,Polk,2620600,466
Bear Trap Lake,Polk,2618100,467
Big Blake Lake,Polk,2627000,468
Big Butternut Lake,Polk,2641000,469
Big Lake,Polk,2615900,470
Big Round Lake,Polk,2627400,471
Black Brook Flowage,Polk,2621900,472
Bone Lake,Polk,2628100,473
Cedar Lake,Polk,2615100,474
Church Pine Lake,Polk,2616100,475
Twin Lakes,Polk,2457400,476
Pickerel Lake,Polk,2458900,477
Deer Lake,Polk,2619400,478
Freedom Lakes,Polk,2641500,479
Half Moon Lake,Polk,2621100,480
Horseshoe Lake,Polk,2630100,481
Lamont Lake,Polk,2668500,482
Largon Lake,Polk,2668100,483
Little Butternut Lake,Polk,2640700,484
Long Lake,Polk,2478200,485
Long Trade Lake,Polk,2640500,486
Loveless Lake,Polk,2620000,487
Mud Lake,Polk,2619100,488
North Pipe Lake,Polk,2485700,489
White Ash Lake,Polk,2628800,490
Pipe Lake,Polk,2490500,491
Round Lake,Polk,2616400,492
Staples Lake,Barron,2631200,493
Swede Lake,Polk,2500500,494
Vincent Lake,Polk,2598500,495
Wapogasset Lake,Polk,2618000,496
Ward Lake,Polk,2599400,497
White Ash Lake,Polk,2628600,498
Wind Lake,Polk,2616000,499
Adams Lake,Portage,267800,500
Collins Lake,Portage,270200,501
Ebert Lake,Portage,267700,502
Glisezinski Lake,Portage,987100,503
Ell Lake,Portage,186000,504
Lake Emily,Portage,189800,505
Lake Helen,Portage,287200,506
McDill Pond,Portage,1403200,507
Penny Lake,Portage,195500,508
Rinehart Lake,Portage,278600,509
Sunset Lake,Portage,199700,510
Tree Lake,Portage,289400,511
Bass Lake,Price,2279800,512
Big Dardis Lake,Price,2244200,513
Butternut Lake,Price,2283300,514
Cochran Lake,Price,2264000,515
Duroy Lake,Price,2240100,516
Elk Lake,Price,2240000,517
Lac Sault Dore,Price,2236800,518
Long Lake,Price,2239300,519
Musser Flowage,Price,2245100,520
North Spirit Lake,Price,1515200,521
Pike Lake,Price,2268300,522
Round Lake,Price,2267800,523
Schnur Lake,Price,2284000,524
Solberg Lake,Price,2242500,525
Spirit Lake,Taylor,1513000,526
Turner Lake,Price,2268500,527
Wilson Lake,Price,2239400,528
Browns Lake,Racine,750300,529
Lake Denoon,Waukesha,761300,530
Eagle Lake,Racine,759800,531
Tichigan Lake,Racine,763600,532
Wind Lake,Racine,761700,533
Long Lake,Sauk,1236600,534
Clear Lake,Rock,775000,535
Lake Koshkonong,Jefferson,808700,536
Leota Lake,Rock,884700,537
Amacoy Lake,Rusk,2359700,538
Chain Lake,Rusk,2350500,539
Clear Lake,Rusk,2350600,540
Dairyland Reservoir (Flambeau),Rusk,2229200,541
Island Lake,Rusk,2350200,542
McCann Lake,Rusk,2350400,543
Pulaski Lake,Rusk,1875900,544
Sand Lake,Rusk,2353600,545
Cedar Lake,Polk,2615100,546
Mallalieu Lake,Saint Croix,2607100,547
Devils Lake,Sauk,980900,548
Dutch Hollow Lake,Sauk,1286500,549
Lake Redstone,Sauk,1280400,550
Lake Wisconsin,Sauk,1260600,551
Long Lake,Sauk,1236600,552
White Mound Lake,Sauk,1258100,553
Birch Lake,Washburn,2113000,554
Black Dan Lake,Sawyer,2381900,555
Callahan Lake,Sawyer,2434700,556
Clear Lake,Sawyer,1841300,557
Connors Lake,Sawyer,2275100,558
Grindstone Lake,Sawyer,2391200,559
Hunter Lake,Sawyer,2400600,560
Lac Courte Oreilles,Sawyer,2390800,561
Lac Courte Oreilles,Sawyer,2390800,562
Lac Courte Oreilles,Sawyer,2390800,563
Lake Chetac,Sawyer,2113300,564
Lake Placid,Sawyer,2436500,565
Lake of the Pines,Sawyer,2275300,566
Little Sissabagama Lake,Sawyer,2394100,567
Lost Land Lake,Sawyer,2418600,568
Lower Clam Lake,Sawyer,2429300,569
Moose Lake,Sawyer,2420600,570
Mud Lake,Sawyer,2434800,571
Nelson Lake,Sawyer,2704200,572
Sand Lake,Sawyer,2393200,573
Clear Lake,Sawyer,2435800,574
Fawn Lake,Sawyer,2435900,575
North Lake,Sawyer,2436000,576
Teal Lake,Sawyer,2417000,577
Whitefish Lake,Sawyer,2392000,578
Windigo Lake,Sawyer,2046600,579
Bahr Lake,Shawano,325300,580
Beaulieu Lake,Shawano,182000,581
Big Lake,Shawano,345100,582
Bowler Pond,Shawano,303600,583
Grass Lake,Shawano,299200,584
Kolpack Lake,Shawano,189400,585
Koonz Lake,Shawano,189500,586
Korth Lake,Shawano,325400,587
Long Lake,Shawano,321300,588
Loon Lake,Shawano,323800,589
Lulu Lake,Shawano,324000,590
Pella Pond,Shawano,300900,591
Pensaukee Lakes,Shawano,415000,592
Pensaukee Lakes,Shawano,415000,593
Pine Lake,Shawano,299100,594
Round Lake,Shawano,299300,595
Schoenick Lake,Shawano,321100,596
Shawano Lake,Shawano,322800,597
Tilleda Pond,Shawano,302300,598
White Clay Lake,Shawano,326400,599
White Lake,Shawano,240800,600
Crystal Lake,Sheboygan,45200,601
Elkhart Lake,Sheboygan,59300,602
Lake Ellen,Sheboygan,32500,603
Little Elkhart Lake,Sheboygan,46000,604
Long Lake,Fond du Lac,38700,605
Random Lake,Sheboygan,30300,606
Chequamegon Waters Flowage,Taylor,2160700,607
Esadore Lake,Taylor,1764000,608
North Spirit Lake,Price,1515200,609
Spirit Lake,Taylor,1513000,610
Sidie Hollow Lake,Vernon,1641400,611
Alder Lake,Vilas,2329600,612
Aldridge Lake,Oneida,967400,613
Alma Lake,Vilas,967900,614
Amik Lake,Vilas,2268600,615
Anderson Lake,Vilas,968500,616
Annabelle Lake,Vilas,2953800,617
Anvil Lake,Vilas,968800,618
Armour Lake,Vilas,2953200,619
Baker Lake,Vilas,1626400,620
Ballard Lake,Vilas,2340700,621
Ballard Lake,Vilas,2340700,622
Bass Lake,Vilas,1604200,623
Beaver Lake,Vilas,2960600,624
Benson Lake,Vilas,2327100,625
Big Arbor Vitae Lake,Vilas,1545600,626
Big Lake,Vilas,2334700,627
Big Muskellunge Lake,Vilas,1835300,628
Big Portage Lake,Vilas,1629500,629
Big Sand Lake,Vilas,1602600,630
Big Saint Germain Lake,Vilas,1591100,631
Birch Lake,Vilas,2311100,632
Black Oak Lake,Vilas,1630100,633
Bobidosh Lake,Vilas,1836100,634
Boot Lake,Vilas,1619100,635
Boulder Lake,Vilas,2338300,636
Broken Bow Lake,Vilas,1837300,637
Carlin Lake,Vilas,2757900,638
Carpenter Lake,Vilas,976100,639
Circle Lily Lake,Vilas,2326700,640
Clearwater Lake,Oneida,1616400,641
Cochran Lake,Vilas,2963500,642
Crab Lake,Vilas,2953500,643
Cranberry Lake,Oneida,1603800,644
Crawling Stone Lake,Vilas,2322800,645
Dads Lake,Vilas,979700,646
Dead Pike Lake,Vilas,2316600,647
Deerskin Lake,Vilas,1601300,648
Duck Lake,Vilas,1599900,649
Escanaba Lake,Vilas,2339900,650
Fawn Lake,Vilas,1591000,651
Fawn Lake,Vilas,2328900,652
Finger Lake,Vilas,984700,653
Fishtrap Lake,Vilas,2343200,654
Flambeau Lake,Vilas,2320500,655
Forest Lake,Vilas,2762200,656
Found Lake,Vilas,1593800,657
Frank Lake,Vilas,985900,658
Gunlock Lake,Vilas,1539700,659
Harris Lake,Vilas,2958500,660
Hiawatha Lake,Vilas,2328400,661
High Lake,Vilas,2344000,662
Horsehead Lake,Vilas,2953100,663
Imogene Lake,Vilas,586800,664
Irving Lake,Vilas,2340900,665
Island Lake,Vilas,2334400,666
Katinka Lake,Vilas,2957000,667
Kentuck Lake,Vilas,716800,668
Lac Vieux Desert,Vilas,1631900,669
Little Arbor Vitae Lake,Vilas,1545300,670
Little Crab Lake,Vilas,2955900,671
Little Crawling Stone Lake,Vilas,2324000,672
Little Crooked Lake,Vilas,2335500,673
Little Portage Lake,Vilas,1629200,674
Little Spider Lake,Vilas,1540400,675
Little Tamarack Flowage,Vilas,1626200,676
Long Lake,Vilas,1602300,677
Lost Lake,Vilas,1593400,678
Lower Buckatabon Lake,Vilas,1621000,679
Lower Ninemile Lake,Vilas,1605200,680
Lower Sugarbush Lake,Vilas,2317600,681
Lynx Lake,Vilas,1600000,682
Lynx Lake,Vilas,2954500,683
Manitowish Lake,Vilas,2329400,684
Mann Lake,Vilas,2332000,685
McCullough Lake,Vilas,2960400,686
McDonald Lake,Vilas,1003700,687
Meta Lake,Vilas,1004400,688
Middle Sugarbush Lake,Vilas,2317700,689
Moon Lake,Vilas,1005800,690
Moss Lake,Vilas,2322500,691
Muskellunge Lake,Vilas,1596600,692
Myrtle Lake,Vilas,1626000,693
North Crab Lake,Vilas,2953400,694
North Turtle Lake,Vilas,2310400,695
Twin Lakes (North),Vilas,1623800,696
Twin Lakes (North),Vilas,1623800,697
Otter Lake,Vilas,1600100,698
Oxbow Lake,Vilas,2954800,699
Papoose Lake,Vilas,2328700,700
Pickerel Lake,Vilas,1619700,701
Pioneer Lake,Vilas,1623400,702
Plum Lake,Vilas,1592400,703
Presque Isle Lake,Vilas,2956500,704
Rainbow Lake,Vilas,2310800,705
Razorback Lake,Vilas,1013800,706
Red Bass Lake,Vilas,2954700,707
Rest Lake,Vilas,2327500,708
Roach Lake,Vilas,1014000,709
Rock Lake,Vilas,2311700,710
Rosalind Lake,Vilas,1877900,711
Rush Lake,Vilas,2343600,712
Scattering Rice Lake,Vilas,1600300,713
Shishebogama Lake,Vilas,1539600,714
Silver Lake,Vilas,1599800,715
Smoky Lake,Vilas,1018300,716
Snipe Lake,Vilas,1018500,717
South Turtle Lake,Vilas,2310200,718
Twin Lakes (South),Vilas,1623700,719
Spectacle Lake,Vilas,717400,720
Spider Lake,Vilas,2329300,721
Spirit Lake,Vilas,1019000,722
Little Tamarack Flowage,Vilas,1626200,723
Amber Lake,Oneida,2271600,724
Squirrel Lake,Oneida,1536300,725
Starrett Lake,Vilas,1019800,726
Statehouse Lake,Vilas,1883700,727
Stone Lake,Vilas,2328800,728
Sunset Lake,Vilas,1020900,729
Towanda Lake,Vilas,1022900,730
Turner Lake,Price,2268500,731
Upper Buckatabon Lake,Vilas,1621800,732
Upper Gresham Lake,Vilas,2330800,733
Middle Sugarbush Lake,Vilas,2317700,734
White Birch Lake,Vilas,2340500,735
White Sand Lake,Vilas,2339100,736
Wild Rice Lake,Vilas,2329800,737
Wildcat Lake,Vilas,2336800,738
Yellow Birch Lake,Vilas,1599600,739
Booth Lake,Walworth,740400,740
Comus Lake,Walworth,794200,741
Delavan Lake,Walworth,793600,742
Eagle Spring Lake,Waukesha,768600,743
Geneva Lake,Walworth,758300,744
Green Lake,Walworth,755800,745
Honey Lake (Vienna),Walworth,752300,746
Lake Beulah,Walworth,766600,747
Lake Lorraine,Walworth,777500,748
Middle Lake,Walworth,755700,749
Mill Lake,Walworth,755600,750
Pleasant Lake,Walworth,741500,751
Powers Lake,Kenosha,744200,752
Rice Lake,Walworth,816600,753
Turtle Lake,Walworth,795100,754
Whitewater Lake,Walworth,816800,755
Balsam Lake,Washburn,2112800,756
Balsam Lake,Washburn,2112800,757
Bass Lake,Washburn,2451900,758
Bass Lake,Washburn,2451300,759
Bear Lake,Barron,2105100,760
McKenzie Lake,Washburn,2706800,761
Birch Lake,Washburn,2113000,762
Deep Lake,Washburn,1844000,763
Gilmore Lake,Washburn,2695800,764
Horseshoe Lake,Washburn,2470000,765
Island Lake,Washburn,2470600,766
Lake Nancy,Washburn,2691500,767
Long Lake,Washburn,2106800,768
Lower Kimball Lake,Washburn,2691800,769
Lower McKenzie Lake,Washburn,2706300,770
Matthews Lake,Washburn,2710800,771
McLain Lake,Washburn,2481600,772
Middle Kimball Lake,Washburn,2691900,773
Middle McKenzie Lake,Burnett,2706500,774
Minong Flowage,Washburn,2692900,775
No Mans Lake,Washburn,2486300,776
North Twin Lake- Twin Lakes,Washburn,2485900,777
Potato Lake,Washburn,2714500,778
Red Cedar Lake,Barron,2109600,779
Shell Lake,Washburn,2496300,780
Silver Lake,Washburn,2496900,781
South Twin Lake-Twin Lakes ,Washburn,2494500,782
Spider Lake,Washburn,1882100,783
Spider Lake,Washburn,1882200,784
Spider Lake,Washburn,1882300,785
Spider Lake,Washburn,1882400,786
Spider Lake,Washburn,1882500,787
Spider Lake,Washburn,1882500,788
Spider Lake,Washburn,1882500,789
Stone Lake,Washburn,1884100,790
Tozer Lake,Washburn,2502000,791
Unnamed,Washburn,2536900,792
Upper Kimball Lake,Washburn,2692000,793
Warner Lake,Washburn,2599600,794
Bark Lake,Washington,828600,795
Cedar Lake,Washington,25300,796
Druid Lake,Washington,855200,797
Friess Lake,Washington,853200,798
Green Lake,Washington,28100,799
Lake Five,Washington,777400,800
Little Friess Lake,Washington,853100,801
Pike Lake,Washington,858300,802
Silver Lake (Paradise Valley),Washington,36200,803
Ashippun Lake,Waukesha,854300,804
Crooked Lake,Waukesha,826800,805
Lake Denoon,Waukesha,761300,806
Eagle Spring Lake,Waukesha,768600,807
Fowler Lake,Waukesha,849400,808
Golden Lake,Waukesha,775900,809
Lac La Belle,Waukesha,848800,810
Lake Five,Washington,777400,811
Little Muskego Lake,Waukesha,762700,812
Lower Nashotah Lake,Waukesha,827300,813
Lower Nemahbin Lake,Waukesha,827000,814
Lower Phantom Lake,Waukesha,765800,815
Moose Lake,Waukesha,778400,816
Nagawicka Lake,Waukesha,828000,817
North Lake,Waukesha,850800,818
Oconomowoc Lake,Waukesha,849600,819
Oconomowoc Lake,Waukesha,849600,820
Okauchee Lake,Waukesha,850300,821
Ottawa Lake,Waukesha,822200,822
Pewaukee Lake,Waukesha,772000,823
Pine Lake,Waukesha,779200,824
Pretty Lake,Waukesha,779300,825
School Section Lake,Waukesha,825000,826
Silver Lake,Waukesha,779800,827
Spring Lake,Waukesha,770600,828
Upper Kelly Lake,Waukesha,7100,829
Upper Nemahbin Lake,Waukesha,827100,830
Upper Nemahbin Lake,Waukesha,827100,831
Bear Lake,Waupaca,279700,832
Beasley Lake,Waupaca,262300,833
Columbia Lake,Waupaca,262400,834
Hatch Lake,Waupaca,282800,835
Long Lake,Waupaca,261200,836
Marl Lake,Waupaca,264100,837
Mirror Lake,Waupaca,258700,838
North Lake,Waupaca,279400,839
Old Taylor Lake,Waupaca,195000,840
Otter Lake,Waupaca,265700,841
Pope Lake,Waupaca,262900,842
Round Lake,Waupaca,265000,843
School Section Lake,Waupaca,283600,844
Shadow Lake,Waupaca,258600,845
Silver Lake,Waupaca,198800,846
Stratton Lake,Waupaca,259600,847
White Lake,Waupaca,272900,848
Youngs Lake,Waupaca,264300,849
Alpine Lake,Waushara,245650,850
Hills Lake,Waushara,182100,851
Bughs Lake,Waushara,102100,852
Gilbert Lake,Waushara,186400,853
Johns Lake,Waushara,245800,854
Kusel Lake,Waushara,189600,855
Lake Morris,Waushara,246500,856
Hills Lake,Waushara,105200,857
Long Lake,Waushara,1000800,858
Marl Lake,Waushara,105800,859
Pine Lake,Waushara,1012000,860
Plainfield Lake,Waushara,1012500,861
Pleasant Lake,Waushara,106900,862
Porters Lake,Waushara,246900,863
Round Lake,Waushara,197300,864
Silver Lake,Waushara,247700,865
Silver Lake,Waushara,107900,866
White River Fl (Lower Pond),Waushara,151500,867
Wilson Lake,Waushara,250000,868
Lake Winnebago,Fond du Lac,131100,869
Arkdale Lake,Adams,1374300,870
